<pkg:manifest root="/" xmlns:pkg="http://marklogic.com/manage/package"><pkg:doc name="1.xml"><pkg:uri>/Default/mldocs/rest-api/options/default.xml</pkg:uri><pkg:permission><pkg:capability>read</pkg:capability><pkg:role-name>rest-reader</pkg:role-name></pkg:permission><pkg:permission><pkg:capability>update</pkg:capability><pkg:role-name>rest-admin</pkg:role-name></pkg:permission><pkg:kind>xml</pkg:kind><pkg:hash>FAKE-15095934624195865715</pkg:hash><pkg:properties><pkg:last-modified>2015-07-16T00:05:49-07:00</pkg:last-modified></pkg:properties></pkg:doc><pkg:doc name="2.xml"><pkg:uri>/Default/mldocs/rest-api/properties.xml</pkg:uri><pkg:permission><pkg:capability>update</pkg:capability><pkg:role-name>rest-admin</pkg:role-name></pkg:permission><pkg:permission><pkg:capability>read</pkg:capability><pkg:role-name>rest-reader</pkg:role-name></pkg:permission><pkg:permission><pkg:capability>update</pkg:capability><pkg:role-name>rest-writer</pkg:role-name></pkg:permission><pkg:kind>xml</pkg:kind><pkg:hash>FAKE-1762226746269848105</pkg:hash><pkg:properties><pkg:last-modified>2015-07-16T00:05:49-07:00</pkg:last-modified></pkg:properties></pkg:doc></pkg:manifest>